Workbook

Sheet Task
A1: TaskID | B1: TaskDescription | C1: TaskAssignDuration | D1: TaskCostPerHour | E1: TaskCategory
A2: 1 | B2: Web Development | C2: 48 | D2: 20 | E2: Software Development
A3: =A2+1 -> 2 | B3: Network Administration | C3: 20 | D3: 40 | E3: Network Administration
A4: =A3+1 -> 3 | B4: Web Development | C4: 30 | D4: 30 | E4: Software Development
A5: =A4+1 -> 4 | B5: Mobile Application Development | C5: 60 | D5: 50 | E5: Software Development

Sheet transactionsOrgSoftwareHome
A1: TransID | B1: TaskID | C1: TaskDescription | D1: TaskAssignDuration | E1: TaskCostPerHour | F1: TaskCategory | G1: ExecutionFinishDate | H1: ExecutionDelay (hours) | I1: ExecutionBriefDescription | J1: FreelancerID | K1: FreelancerName | L1: FreelancerExpertise | M1: FreelancerEMail | N1: FreelancerNIF | O1: FreelancerBanckAccout | P1: FreelancerAddress | Q1: FreeLancerCountry
A2: 101 | B2: 1 | C2: Web Development | D2: 48 | E2: 20 | F2: Software Development | G2: 43854 | H2: 1 | I2: High Quality Work | J2: JW1 | K2: John Wayne | L2: Junior | M2: jw@gmail.com | N2: 921654987 | O2: US120010001234567891 | P2: Street 92, 90, New York | Q2: USA
A3: 102 | B3: 2 | C3: Network Administration | D3: 20 | E3: 40 | F3: Network Administration | G3: 43855 | H3: 3 | I3: Non-expert, problem unsolved | J3: MA | K3: Marion Antoine | L3: Senior | M3: Marion190@hotmail.com | N3: 223654587 | O3: LU120010001234567891 | P3: Boulevard Royal, 100 | Q3: Luxembourg
A4: 103 | B4: 3 | C4: Web Development | D4: 30 | E4: 30 | F4: Software Development | G4: 43855 | H4: 0 | I4: High Quality Work | J4: JW1 | K4: John Wayne | L4: Junior | M4: jw@gmail.com | N4: 921654987 | O4: US120010001234567891 | P4: Street 92, 90, New York | Q4: USA
A5: 104 | B5: 4 | C5: Mobile Application Development | D5: 60 | E5: 50 | F5: Software Development | G5: 43855 | H5: -2 | I5: High Quality Work | J5: MS3 | K5: Maria Sousa | L5: Senior | M5: ms10@isep.ipp.pt | N5: 213456789 | O5: PT120010001234567891 | P5: Rua SÃƒÂ£o TomÃƒÂ©, 54, Porto | Q5: Portugal
A6: 105 | B6: 5 | C6: Mobile Application Development | D6: 60 | E6: 50 | F6: Software Development | G6: 43855 | H6: 0 | I6: High Quality Work | J6: MS3 | K6: Maria Sousa | L6: Senior | M6: ms10@isep.ipp.pt | N6: 213456789 | O6: PT120010001234567891 | P6: Rua SÃƒÂ£o TomÃƒÂ©, 54, Porto | Q6: Portugal
A7: 106 | B7: 6 | C7: Mobile Application Development | D7: 60 | E7: 50 | F7: Software Development | G7: 43886 | H7: 0 | I7: High Quality Work | J7: MS3 | K7: Maria Sousa | L7: Senior | M7: ms10@isep.ipp.pt | N7: 213456789 | O7: PT120010001234567891 | P7: Rua SÃƒÂ£o TomÃƒÂ©, 54, Porto | Q7: Portugal
A8: 107 | B8: 7 | C8: Mobile Application Development | D8: 60 | E8: 50 | F8: Software Development | G8: 43886 | H8: 0 | I8: High Quality Work | J8: MS3 | K8: Maria Sousa | L8: Senior | M8: ms10@isep.ipp.pt | N8: 213456789 | O8: PT120010001234567891 | P8: Rua SÃƒÂ£o TomÃƒÂ©, 54, Porto | Q8: Portugal
A9: 108 | B9: 15 | C9: Mobile Application Development | D9: 60 | E9: 50 | F9: Software Development | G9: 43886 | H9: 1 | I9: High Quality Work | J9: MS3 | K9: Maria Sousa | L9: Senior | M9: ms10@isep.ipp.pt | N9: 213456789 | O9: PT120010001234567891 | P9: Rua SÃƒÂ£o TomÃƒÂ©, 54, Porto | Q9: Portugal
A10: 109 | B10: 16 | C10: Mobile Application Development | D10: 60 | E10: 50 | F10: Software Development | G10: 43886 | H10: 1 | I10: High Quality Work | J10: MS3 | K10: Maria Sousa | L10: Senior | M10: ms10@isep.ipp.pt | N10: 213456789 | O10: PT120010001234567891 | P10: Rua SÃƒÂ£o TomÃƒÂ©, 54, Porto | Q10: Portugal
A11: 110 | B11: 10 | C11: Mobile Application Development | D11: 60 | E11: 50 | F11: Software Development | G11: 43886 | H11: 1 | I11: High Quality Work | J11: MS3 | K11: Maria Sousa | L11: Senior | M11: ms10@isep.ipp.pt | N11: 213456789 | O11: PT120010001234567891 | P11: Rua SÃƒÂ£o TomÃƒÂ©, 54, Porto | Q11: Portugal
A12: 111 | B12: 11 | C12: Mobile Application Development | D12: 60 | E12: 50 | F12: Software Development | G12: 43886 | H12: -2 | I12: High Quality Work | J12: MS3 | K12: Maria Sousa | L12: Senior | M12: ms10@isep.ipp.pt | N12: 213456789 | O12: PT120010001234567891 | P12: Rua SÃƒÂ£o TomÃƒÂ©, 54, Porto | Q12: Portugal
A13: 112 | B13: 12 | C13: Web Development | D13: 30 | E13: 30 | F13: Software Development | G13: 43915 | H13: 4 | I13: Medium Quality Work, not an expert in Web development | J13: MS3 | K13: Maria Sousa | L13: Senior | M13: ms10@isep.ipp.pt | N13: 213456789 | O13: PT120010001234567891 | P13: Rua SÃƒÂ£o TomÃƒÂ©, 54, Porto | Q13: Portugal
... A16: 114 | B16: 14 | C16: Web Development | D16: 30 | E16: 30 | F16: Software Development | G16: 43915 | H16: 4 | I16: Medium Quality Work, not an expert in Web development | J16: MS3 | K16: Maria Sousa | L16: Senior | M16: ms10@isep.ipp.pt | N16: 213456789 | O16: PT120010001234567891 | P16: Rua SÃƒÂ£o TomÃƒÂ©, 54, Porto | Q16: Portugal

Sheet Freelancer
A1: FreelancerID | B1: FreelancerName | C1: FreelancerExpertise | D1: FreelancerEMail | E1: FreelancerNIF | F1: FreelancerBanckAccout | G1: FreelancerAddress | H1: FreeLancerCountry
A2: JW1 | B2: John Wayne | C2: Junior | D2: jw@gmail.com | E2: 921654987 | F2: US120010001234567891 | G2: Street 92, 90, New York | H2: USA
A3: MA1 | B3: Marion Antoine | C3: Senior | D3: Marion190@hotmail.com | E3: 223654587 | F3: LU120010001234567891 | G3: Boulevard Royal, 100 | H3: Luxembourg
A4: MS3 | B4: Maria Sousa | C4: Senior | D4: ms10@isep.ipp.pt | E4: 213456789 | F4: PT120010001234567891 | G4: Rua SÃƒÂ£o TomÃƒÂ©, 54, Porto | H4: Portugal

Sheet 3K - lines
A1: ID | B1: TaskID | C1: TaskDescription | D1: TaskAssignDuration | E1: TaskCostPerHour | F1: TaskCategory | G1: ExecutionFinishDate | H1: ExecutionDelay (hours) | I1: ExecutionBriefDescription | J1: FreelancerID | K1: FreelancerName | L1: FreelancerExpertise | M1: FreelancerEMail | N1: FreelancerNIF | O1: FreelancerBanckAccout | P1: FreelancerAddress | Q1: FreeLancerCountry
A2: 101 | B2: 1 | C2: {=INDEX(Task!$B$1:$E$5,RANDBETWEEN(2,5),MATCH('3K - lines'!C$1,Task!$B$1:$E$1,0))} -> Network Administration | D2: =RANDBETWEEN(20,100) -> 82 | E2: =RANDBETWEEN(10,60) -> 43 | F2: {=INDEX(Task!$B$1:$E$5,RANDBETWEEN(2,5),MATCH('3K - lines'!F$1,Task!$B$1:$E$1,0))} -> Software Development | G2: =RANDBETWEEN(DATE(2020,1,1),DATE(2020,5,28)) -> 43933 | H2: =RANDBETWEEN(-10,10) -> -9 | I2: =VLOOKUP(RANDBETWEEN(2,4),Transaction!$A$1:$B$4,2,0) -> High Quality Work | J2: {=INDEX(Freelancer!$A$1:$H$4,RANDBETWEEN(2,4),MATCH('3K - lines'!J$1,Freelancer!$A$1:$H$1,0))} -> MS3 | K2: {=INDEX(Freelancer!$A$1:$H$4,RANDBETWEEN(2,4),MATCH('3K - lines'!K$1,Freelancer!$A$1:$H$1,0))} -> John Wayne | L2: {=INDEX(Freelancer!$A$1:$H$4,RANDBETWEEN(2,4),MATCH('3K - lines'!L$1,Freelancer!$A$1:$H$1,0))} -> Junior | M2: {=INDEX(Freelancer!$A$1:$H$4,RANDBETWEEN(2,4),MATCH('3K - lines'!M$1,Freelancer!$A$1:$H$1,0))} -> jw@gmail.com | N2: {=INDEX(Freelancer!$A$1:$H$4,RANDBETWEEN(2,4),MATCH('3K - lines'!N$1,Freelancer!$A$1:$H$1,0))} -> 213456789 | O2: {=INDEX(Freelancer!$A$1:$H$4,RANDBETWEEN(2,4),MATCH('3K - lines'!O$1,Freelancer!$A$1:$H$1,0))} -> US120010001234567891 | P2: {=INDEX(Freelancer!$A$1:$H$4,RANDBETWEEN(2,4),MATCH('3K - lines'!P$1,Freelancer!$A$1:$H$1,0))} -> Street 92, 90, New York | Q2: {=INDEX(Freelancer!$A$1:$H$4,RANDBETWEEN(2,4),MATCH('3K - lines'!Q$1,Freelancer!$A$1:$H$1,0))} -> Luxembourg
A3: 102 | B3: =B2+1 -> 2 | C3: Network Administration | D3: =RANDBETWEEN(20,100) -> 59 | E3: =RANDBETWEEN(10,60) -> 31 | F3: {=INDEX(Task!$B$1:$E$5,RANDBETWEEN(2,5),MATCH('3K - lines'!F$1,Task!$B$1:$E$1,0))} -> Network Administration | G3: =RANDBETWEEN(DATE(2020,1,1),DATE(2020,5,28)) -> 43919 | H3: =RANDBETWEEN(-10,10) -> -2 | I3: =VLOOKUP(RANDBETWEEN(2,4),Transaction!$A$1:$B$4,2,0) -> Non-expert, problem unsolved | J3: {=INDEX(Freelancer!$A$1:$H$4,RANDBETWEEN(2,4),MATCH('3K - lines'!J$1,Freelancer!$A$1:$H$1,0))} -> JW1 | K3: {=INDEX(Freelancer!$A$1:$H$4,RANDBETWEEN(2,4),MATCH('3K - lines'!K$1,Freelancer!$A$1:$H$1,0))} -> John Wayne | L3: {=INDEX(Freelancer!$A$1:$H$4,RANDBETWEEN(2,4),MATCH('3K - lines'!L$1,Freelancer!$A$1:$H$1,0))} -> Junior | M3: {=INDEX(Freelancer!$A$1:$H$4,RANDBETWEEN(2,4),MATCH('3K - lines'!M$1,Freelancer!$A$1:$H$1,0))} -> Marion190@hotmail.com | N3: {=INDEX(Freelancer!$A$1:$H$4,RANDBETWEEN(2,4),MATCH('3K - lines'!N$1,Freelancer!$A$1:$H$1,0))} -> 223654587 | O3: {=INDEX(Freelancer!$A$1:$H$4,RANDBETWEEN(2,4),MATCH('3K - lines'!O$1,Freelancer!$A$1:$H$1,0))} -> PT120010001234567891 | P3: {=INDEX(Freelancer!$A$1:$H$4,RANDBETWEEN(2,4),MATCH('3K - lines'!P$1,Freelancer!$A$1:$H$1,0))} -> Rua SÃƒÂ£o TomÃƒÂ©, 54, Porto | Q3: {=INDEX(Freelancer!$A$1:$H$4,RANDBETWEEN(2,4),MATCH('3K - lines'!Q$1,Freelancer!$A$1:$H$1,0))} -> Portugal
A4: 103 | B4: =B3+1 -> 3 | C4: Web Development | D4: =RANDBETWEEN(20,100) -> 96 | E4: =RANDBETWEEN(10,60) -> 35 | F4: {=INDEX(Task!$B$1:$E$5,RANDBETWEEN(2,5),MATCH('3K - lines'!F$1,Task!$B$1:$E$1,0))} -> Software Development | G4: =RANDBETWEEN(DATE(2020,1,1),DATE(2020,5,28)) -> 43848 | H4: =RANDBETWEEN(-10,10) -> -6 | I4: =VLOOKUP(RANDBETWEEN(2,4),Transaction!$A$1:$B$4,2,0) -> Medium Quality Work, not an expert in Web development | J4: {=INDEX(Freelancer!$A$1:$H$4,RANDBETWEEN(2,4),MATCH('3K - lines'!J$1,Freelancer!$A$1:$H$1,0))} -> JW1 | K4: {=INDEX(Freelancer!$A$1:$H$4,RANDBETWEEN(2,4),MATCH('3K - lines'!K$1,Freelancer!$A$1:$H$1,0))} -> Marion Antoine | L4: {=INDEX(Freelancer!$A$1:$H$4,RANDBETWEEN(2,4),MATCH('3K - lines'!L$1,Freelancer!$A$1:$H$1,0))} -> Junior | M4: {=INDEX(Freelancer!$A$1:$H$4,RANDBETWEEN(2,4),MATCH('3K - lines'!M$1,Freelancer!$A$1:$H$1,0))} -> Marion190@hotmail.com | N4: {=INDEX(Freelancer!$A$1:$H$4,RANDBETWEEN(2,4),MATCH('3K - lines'!N$1,Freelancer!$A$1:$H$1,0))} -> 921654987 | O4: {=INDEX(Freelancer!$A$1:$H$4,RANDBETWEEN(2,4),MATCH('3K - lines'!O$1,Freelancer!$A$1:$H$1,0))} -> LU120010001234567891 | P4: {=INDEX(Freelancer!$A$1:$H$4,RANDBETWEEN(2,4),MATCH('3K - lines'!P$1,Freelancer!$A$1:$H$1,0))} -> Rua SÃƒÂ£o TomÃƒÂ©, 54, Porto | Q4: {=INDEX(Freelancer!$A$1:$H$4,RANDBETWEEN(2,4),MATCH('3K - lines'!Q$1,Freelancer!$A$1:$H$1,0))} -> Portugal
A5: 104 | B5: =B4+1 -> 4 | C5: Mobile Application Development | D5: =RANDBETWEEN(20,100) -> 52 | E5: =RANDBETWEEN(10,60) -> 47 | F5: {=INDEX(Task!$B$1:$E$5,RANDBETWEEN(2,5),MATCH('3K - lines'!F$1,Task!$B$1:$E$1,0))} -> Software Development | G5: =RANDBETWEEN(DATE(2020,1,1),DATE(2020,5,28)) -> 43885 | H5: =RANDBETWEEN(-10,10) -> 10 | I5: =VLOOKUP(RANDBETWEEN(2,4),Transaction!$A$1:$B$4,2,0) -> Non-expert, problem unsolved | J5: {=INDEX(Freelancer!$A$1:$H$4,RANDBETWEEN(2,4),MATCH('3K - lines'!J$1,Freelancer!$A$1:$H$1,0))} -> MS3 | K5: {=INDEX(Freelancer!$A$1:$H$4,RANDBETWEEN(2,4),MATCH('3K - lines'!K$1,Freelancer!$A$1:$H$1,0))} -> Marion Antoine | L5: {=INDEX(Freelancer!$A$1:$H$4,RANDBETWEEN(2,4),MATCH('3K - lines'!L$1,Freelancer!$A$1:$H$1,0))} -> Senior | M5: {=INDEX(Freelancer!$A$1:$H$4,RANDBETWEEN(2,4),MATCH('3K - lines'!M$1,Freelancer!$A$1:$H$1,0))} -> jw@gmail.com | N5: {=INDEX(Freelancer!$A$1:$H$4,RANDBETWEEN(2,4),MATCH('3K - lines'!N$1,Freelancer!$A$1:$H$1,0))} -> 921654987 | O5: {=INDEX(Freelancer!$A$1:$H$4,RANDBETWEEN(2,4),MATCH('3K - lines'!O$1,Freelancer!$A$1:$H$1,0))} -> LU120010001234567891 | P5: {=INDEX(Freelancer!$A$1:$H$4,RANDBETWEEN(2,4),MATCH('3K - lines'!P$1,Freelancer!$A$1:$H$1,0))} -> Rua SÃƒÂ£o TomÃƒÂ©, 54, Porto | Q5: {=INDEX(Freelancer!$A$1:$H$4,RANDBETWEEN(2,4),MATCH('3K - lines'!Q$1,Freelancer!$A$1:$H$1,0))} -> USA
A6: 105 | B6: =B5+1 -> 5 | C6: Web Development | D6: =RANDBETWEEN(20,100) -> 50 | E6: =RANDBETWEEN(10,60) -> 47 | F6: {=INDEX(Task!$B$1:$E$5,RANDBETWEEN(2,5),MATCH('3K - lines'!F$1,Task!$B$1:$E$1,0))} -> Software Development | G6: =RANDBETWEEN(DATE(2020,1,1),DATE(2020,5,28)) -> 43918 | H6: =RANDBETWEEN(-10,10) -> 10 | I6: =VLOOKUP(RANDBETWEEN(2,4),Transaction!$A$1:$B$4,2,0) -> Medium Quality Work, not an expert in Web development | J6: {=INDEX(Freelancer!$A$1:$H$4,RANDBETWEEN(2,4),MATCH('3K - lines'!J$1,Freelancer!$A$1:$H$1,0))} -> MA1 | K6: {=INDEX(Freelancer!$A$1:$H$4,RANDBETWEEN(2,4),MATCH('3K - lines'!K$1,Freelancer!$A$1:$H$1,0))} -> John Wayne | L6: {=INDEX(Freelancer!$A$1:$H$4,RANDBETWEEN(2,4),MATCH('3K - lines'!L$1,Freelancer!$A$1:$H$1,0))} -> Junior | M6: {=INDEX(Freelancer!$A$1:$H$4,RANDBETWEEN(2,4),MATCH('3K - lines'!M$1,Freelancer!$A$1:$H$1,0))} -> jw@gmail.com | N6: {=INDEX(Freelancer!$A$1:$H$4,RANDBETWEEN(2,4),MATCH('3K - lines'!N$1,Freelancer!$A$1:$H$1,0))} -> 921654987 | O6: {=INDEX(Freelancer!$A$1:$H$4,RANDBETWEEN(2,4),MATCH('3K - lines'!O$1,Freelancer!$A$1:$H$1,0))} -> PT120010001234567891 | P6: {=INDEX(Freelancer!$A$1:$H$4,RANDBETWEEN(2,4),MATCH('3K - lines'!P$1,Freelancer!$A$1:$H$1,0))} -> Rua SÃƒÂ£o TomÃƒÂ©, 54, Porto | Q6: {=INDEX(Freelancer!$A$1:$H$4,RANDBETWEEN(2,4),MATCH('3K - lines'!Q$1,Freelancer!$A$1:$H$1,0))} -> Luxembourg
A7: 106 | B7: =B6+1 -> 6 | C7: Network Administration | D7: =RANDBETWEEN(20,100) -> 34 | E7: =RANDBETWEEN(10,60) -> 55 | F7: {=INDEX(Task!$B$1:$E$5,RANDBETWEEN(2,5),MATCH('3K - lines'!F$1,Task!$B$1:$E$1,0))} -> Software Development | G7: =RANDBETWEEN(DATE(2020,1,1),DATE(2020,5,28)) -> 43876 | H7: =RANDBETWEEN(-10,10) -> 2 | I7: =VLOOKUP(RANDBETWEEN(2,4),Transaction!$A$1:$B$4,2,0) -> Medium Quality Work, not an expert in Web development | J7: {=INDEX(Freelancer!$A$1:$H$4,RANDBETWEEN(2,4),MATCH('3K - lines'!J$1,Freelancer!$A$1:$H$1,0))} -> MA1 | K7: {=INDEX(Freelancer!$A$1:$H$4,RANDBETWEEN(2,4),MATCH('3K - lines'!K$1,Freelancer!$A$1:$H$1,0))} -> Marion Antoine | L7: {=INDEX(Freelancer!$A$1:$H$4,RANDBETWEEN(2,4),MATCH('3K - lines'!L$1,Freelancer!$A$1:$H$1,0))} -> Junior | M7: {=INDEX(Freelancer!$A$1:$H$4,RANDBETWEEN(2,4),MATCH('3K - lines'!M$1,Freelancer!$A$1:$H$1,0))} -> jw@gmail.com | N7: {=INDEX(Freelancer!$A$1:$H$4,RANDBETWEEN(2,4),MATCH('3K - lines'!N$1,Freelancer!$A$1:$H$1,0))} -> 213456789 | O7: {=INDEX(Freelancer!$A$1:$H$4,RANDBETWEEN(2,4),MATCH('3K - lines'!O$1,Freelancer!$A$1:$H$1,0))} -> US120010001234567891 | P7: {=INDEX(Freelancer!$A$1:$H$4,RANDBETWEEN(2,4),MATCH('3K - lines'!P$1,Freelancer!$A$1:$H$1,0))} -> Rua SÃƒÂ£o TomÃƒÂ©, 54, Porto | Q7: {=INDEX(Freelancer!$A$1:$H$4,RANDBETWEEN(2,4),MATCH('3K - lines'!Q$1,Freelancer!$A$1:$H$1,0))} -> USA
A8: 107 | B8: =B7+1 -> 7 | C8: Web Development | D8: =RANDBETWEEN(20,100) -> 57 | E8: =RANDBETWEEN(10,60) -> 33 | F8: {=INDEX(Task!$B$1:$E$5,RANDBETWEEN(2,5),MATCH('3K - lines'!F$1,Task!$B$1:$E$1,0))} -> Software Development | G8: =RANDBETWEEN(DATE(2020,1,1),DATE(2020,5,28)) -> 43859 | H8: =RANDBETWEEN(-10,10) -> 2 | I8: =VLOOKUP(RANDBETWEEN(2,4),Transaction!$A$1:$B$4,2,0) -> High Quality Work | J8: {=INDEX(Freelancer!$A$1:$H$4,RANDBETWEEN(2,4),MATCH('3K - lines'!J$1,Freelancer!$A$1:$H$1,0))} -> MA1 | K8: {=INDEX(Freelancer!$A$1:$H$4,RANDBETWEEN(2,4),MATCH('3K - lines'!K$1,Freelancer!$A$1:$H$1,0))} -> John Wayne | L8: {=INDEX(Freelancer!$A$1:$H$4,RANDBETWEEN(2,4),MATCH('3K - lines'!L$1,Freelancer!$A$1:$H$1,0))} -> Senior | M8: {=INDEX(Freelancer!$A$1:$H$4,RANDBETWEEN(2,4),MATCH('3K - lines'!M$1,Freelancer!$A$1:$H$1,0))} -> ms10@isep.ipp.pt | N8: {=INDEX(Freelancer!$A$1:$H$4,RANDBETWEEN(2,4),MATCH('3K - lines'!N$1,Freelancer!$A$1:$H$1,0))} -> 223654587 | O8: {=INDEX(Freelancer!$A$1:$H$4,RANDBETWEEN(2,4),MATCH('3K - lines'!O$1,Freelancer!$A$1:$H$1,0))} -> PT120010001234567891 | P8: {=INDEX(Freelancer!$A$1:$H$4,RANDBETWEEN(2,4),MATCH('3K - lines'!P$1,Freelancer!$A$1:$H$1,0))} -> Street 92, 90, New York | Q8: {=INDEX(Freelancer!$A$1:$H$4,RANDBETWEEN(2,4),MATCH('3K - lines'!Q$1,Freelancer!$A$1:$H$1,0))} -> Portugal
A9: 108 | B9: =B8+1 -> 8 | C9: Mobile Application Development | D9: =RANDBETWEEN(20,100) -> 69 | E9: =RANDBETWEEN(10,60) -> 34 | F9: {=INDEX(Task!$B$1:$E$5,RANDBETWEEN(2,5),MATCH('3K - lines'!F$1,Task!$B$1:$E$1,0))} -> Network Administration | G9: =RANDBETWEEN(DATE(2020,1,1),DATE(2020,5,28)) -> 43846 | H9: =RANDBETWEEN(-10,10) -> 3 | I9: =VLOOKUP(RANDBETWEEN(2,4),Transaction!$A$1:$B$4,2,0) -> High Quality Work | J9: {=INDEX(Freelancer!$A$1:$H$4,RANDBETWEEN(2,4),MATCH('3K - lines'!J$1,Freelancer!$A$1:$H$1,0))} -> MS3 | K9: {=INDEX(Freelancer!$A$1:$H$4,RANDBETWEEN(2,4),MATCH('3K - lines'!K$1,Freelancer!$A$1:$H$1,0))} -> Marion Antoine | L9: {=INDEX(Freelancer!$A$1:$H$4,RANDBETWEEN(2,4),MATCH('3K - lines'!L$1,Freelancer!$A$1:$H$1,0))} -> Senior | M9: {=INDEX(Freelancer!$A$1:$H$4,RANDBETWEEN(2,4),MATCH('3K - lines'!M$1,Freelancer!$A$1:$H$1,0))} -> Marion190@hotmail.com | N9: {=INDEX(Freelancer!$A$1:$H$4,RANDBETWEEN(2,4),MATCH('3K - lines'!N$1,Freelancer!$A$1:$H$1,0))} -> 921654987 | O9: {=INDEX(Freelancer!$A$1:$H$4,RANDBETWEEN(2,4),MATCH('3K - lines'!O$1,Freelancer!$A$1:$H$1,0))} -> US120010001234567891 | P9: {=INDEX(Freelancer!$A$1:$H$4,RANDBETWEEN(2,4),MATCH('3K - lines'!P$1,Freelancer!$A$1:$H$1,0))} -> Rua SÃƒÂ£o TomÃƒÂ©, 54, Porto | Q9: {=INDEX(Freelancer!$A$1:$H$4,RANDBETWEEN(2,4),MATCH('3K - lines'!Q$1,Freelancer!$A$1:$H$1,0))} -> Portugal
A10: 109 | B10: =B9+1 -> 9 | C10: Web Development | D10: =RANDBETWEEN(20,100) -> 68 | E10: =RANDBETWEEN(10,60) -> 54 | F10: {=INDEX(Task!$B$1:$E$5,RANDBETWEEN(2,5),MATCH('3K - lines'!F$1,Task!$B$1:$E$1,0))} -> Network Administration | G10: =RANDBETWEEN(DATE(2020,1,1),DATE(2020,5,28)) -> 43951 | H10: =RANDBETWEEN(-10,10) -> -10 | I10: =VLOOKUP(RANDBETWEEN(2,4),Transaction!$A$1:$B$4,2,0) -> Non-expert, problem unsolved | J10: {=INDEX(Freelancer!$A$1:$H$4,RANDBETWEEN(2,4),MATCH('3K - lines'!J$1,Freelancer!$A$1:$H$1,0))} -> MA1 | K10: {=INDEX(Freelancer!$A$1:$H$4,RANDBETWEEN(2,4),MATCH('3K - lines'!K$1,Freelancer!$A$1:$H$1,0))} -> Maria Sousa | L10: {=INDEX(Freelancer!$A$1:$H$4,RANDBETWEEN(2,4),MATCH('3K - lines'!L$1,Freelancer!$A$1:$H$1,0))} -> Junior | M10: {=INDEX(Freelancer!$A$1:$H$4,RANDBETWEEN(2,4),MATCH('3K - lines'!M$1,Freelancer!$A$1:$H$1,0))} -> ms10@isep.ipp.pt | N10: {=INDEX(Freelancer!$A$1:$H$4,RANDBETWEEN(2,4),MATCH('3K - lines'!N$1,Freelancer!$A$1:$H$1,0))} -> 223654587 | O10: {=INDEX(Freelancer!$A$1:$H$4,RANDBETWEEN(2,4),MATCH('3K - lines'!O$1,Freelancer!$A$1:$H$1,0))} -> LU120010001234567891 | P10: {=INDEX(Freelancer!$A$1:$H$4,RANDBETWEEN(2,4),MATCH('3K - lines'!P$1,Freelancer!$A$1:$H$1,0))} -> Boulevard Royal, 100 | Q10: {=INDEX(Freelancer!$A$1:$H$4,RANDBETWEEN(2,4),MATCH('3K - lines'!Q$1,Freelancer!$A$1:$H$1,0))} -> Portugal
A11: 110 | B11: =B10+1 -> 10 | C11: Network Administration | D11: =RANDBETWEEN(20,100) -> 78 | E11: =RANDBETWEEN(10,60) -> 44 | F11: {=INDEX(Task!$B$1:$E$5,RANDBETWEEN(2,5),MATCH('3K - lines'!F$1,Task!$B$1:$E$1,0))} -> Software Development | G11: =RANDBETWEEN(DATE(2020,1,1),DATE(2020,5,28)) -> 43873 | H11: =RANDBETWEEN(-10,10) -> -8 | I11: =VLOOKUP(RANDBETWEEN(2,4),Transaction!$A$1:$B$4,2,0) -> High Quality Work | J11: {=INDEX(Freelancer!$A$1:$H$4,RANDBETWEEN(2,4),MATCH('3K - lines'!J$1,Freelancer!$A$1:$H$1,0))} -> JW1 | K11: {=INDEX(Freelancer!$A$1:$H$4,RANDBETWEEN(2,4),MATCH('3K - lines'!K$1,Freelancer!$A$1:$H$1,0))} -> Maria Sousa | L11: {=INDEX(Freelancer!$A$1:$H$4,RANDBETWEEN(2,4),MATCH('3K - lines'!L$1,Freelancer!$A$1:$H$1,0))} -> Junior | M11: {=INDEX(Freelancer!$A$1:$H$4,RANDBETWEEN(2,4),MATCH('3K - lines'!M$1,Freelancer!$A$1:$H$1,0))} -> ms10@isep.ipp.pt | N11: {=INDEX(Freelancer!$A$1:$H$4,RANDBETWEEN(2,4),MATCH('3K - lines'!N$1,Freelancer!$A$1:$H$1,0))} -> 223654587 | O11: {=INDEX(Freelancer!$A$1:$H$4,RANDBETWEEN(2,4),MATCH('3K - lines'!O$1,Freelancer!$A$1:$H$1,0))} -> US120010001234567891 | P11: {=INDEX(Freelancer!$A$1:$H$4,RANDBETWEEN(2,4),MATCH('3K - lines'!P$1,Freelancer!$A$1:$H$1,0))} -> Boulevard Royal, 100 | Q11: {=INDEX(Freelancer!$A$1:$H$4,RANDBETWEEN(2,4),MATCH('3K - lines'!Q$1,Freelancer!$A$1:$H$1,0))} -> Portugal
A12: 111 | B12: =B11+1 -> 11 | C12: Web Development | D12: =RANDBETWEEN(20,100) -> 93 | E12: =RANDBETWEEN(10,60) -> 36 | F12: {=INDEX(Task!$B$1:$E$5,RANDBETWEEN(2,5),MATCH('3K - lines'!F$1,Task!$B$1:$E$1,0))} -> Software Development | G12: =RANDBETWEEN(DATE(2020,1,1),DATE(2020,5,28)) -> 43902 | H12: =RANDBETWEEN(-10,10) -> 3 | I12: =VLOOKUP(RANDBETWEEN(2,4),Transaction!$A$1:$B$4,2,0) -> High Quality Work | J12: {=INDEX(Freelancer!$A$1:$H$4,RANDBETWEEN(2,4),MATCH('3K - lines'!J$1,Freelancer!$A$1:$H$1,0))} -> MA1 | K12: {=INDEX(Freelancer!$A$1:$H$4,RANDBETWEEN(2,4),MATCH('3K - lines'!K$1,Freelancer!$A$1:$H$1,0))} -> John Wayne | L12: {=INDEX(Freelancer!$A$1:$H$4,RANDBETWEEN(2,4),MATCH('3K - lines'!L$1,Freelancer!$A$1:$H$1,0))} -> Junior | M12: {=INDEX(Freelancer!$A$1:$H$4,RANDBETWEEN(2,4),MATCH('3K - lines'!M$1,Freelancer!$A$1:$H$1,0))} -> jw@gmail.com | N12: {=INDEX(Freelancer!$A$1:$H$4,RANDBETWEEN(2,4),MATCH('3K - lines'!N$1,Freelancer!$A$1:$H$1,0))} -> 213456789 | O12: {=INDEX(Freelancer!$A$1:$H$4,RANDBETWEEN(2,4),MATCH('3K - lines'!O$1,Freelancer!$A$1:$H$1,0))} -> LU120010001234567891 | P12: {=INDEX(Freelancer!$A$1:$H$4,RANDBETWEEN(2,4),MATCH('3K - lines'!P$1,Freelancer!$A$1:$H$1,0))} -> Street 92, 90, New York | Q12: {=INDEX(Freelancer!$A$1:$H$4,RANDBETWEEN(2,4),MATCH('3K - lines'!Q$1,Freelancer!$A$1:$H$1,0))} -> USA
A13: 112 | B13: =B12+1 -> 12 | C13: Mobile Application Development | D13: =RANDBETWEEN(20,100) -> 33 | E13: =RANDBETWEEN(10,60) -> 48 | F13: {=INDEX(Task!$B$1:$E$5,RANDBETWEEN(2,5),MATCH('3K - lines'!F$1,Task!$B$1:$E$1,0))} -> Software Development | G13: =RANDBETWEEN(DATE(2020,1,1),DATE(2020,5,28)) -> 43949 | H13: =RANDBETWEEN(-10,10) -> -1 | I13: =VLOOKUP(RANDBETWEEN(2,4),Transaction!$A$1:$B$4,2,0) -> High Quality Work | J13: {=INDEX(Freelancer!$A$1:$H$4,RANDBETWEEN(2,4),MATCH('3K - lines'!J$1,Freelancer!$A$1:$H$1,0))} -> JW1 | K13: {=INDEX(Freelancer!$A$1:$H$4,RANDBETWEEN(2,4),MATCH('3K - lines'!K$1,Freelancer!$A$1:$H$1,0))} -> Marion Antoine | L13: {=INDEX(Freelancer!$A$1:$H$4,RANDBETWEEN(2,4),MATCH('3K - lines'!L$1,Freelancer!$A$1:$H$1,0))} -> Senior | M13: {=INDEX(Freelancer!$A$1:$H$4,RANDBETWEEN(2,4),MATCH('3K - lines'!M$1,Freelancer!$A$1:$H$1,0))} -> Marion190@hotmail.com | N13: {=INDEX(Freelancer!$A$1:$H$4,RANDBETWEEN(2,4),MATCH('3K - lines'!N$1,Freelancer!$A$1:$H$1,0))} -> 213456789 | O13: {=INDEX(Freelancer!$A$1:$H$4,RANDBETWEEN(2,4),MATCH('3K - lines'!O$1,Freelancer!$A$1:$H$1,0))} -> LU120010001234567891 | P13: {=INDEX(Freelancer!$A$1:$H$4,RANDBETWEEN(2,4),MATCH('3K - lines'!P$1,Freelancer!$A$1:$H$1,0))} -> Boulevard Royal, 100 | Q13: {=INDEX(Freelancer!$A$1:$H$4,RANDBETWEEN(2,4),MATCH('3K - lines'!Q$1,Freelancer!$A$1:$H$1,0))} -> USA
A14: 113 | B14: =B13+1 -> 13 | C14: Web Development | D14: =RANDBETWEEN(20,100) -> 88 | E14: =RANDBETWEEN(10,60) -> 22 | F14: {=INDEX(Task!$B$1:$E$5,RANDBETWEEN(2,5),MATCH('3K - lines'!F$1,Task!$B$1:$E$1,0))} -> Software Development | G14: =RANDBETWEEN(DATE(2020,1,1),DATE(2020,5,28)) -> 43843 | H14: =RANDBETWEEN(-10,10) -> 5 | I14: =VLOOKUP(RANDBETWEEN(2,4),Transaction!$A$1:$B$4,2,0) -> Non-expert, problem unsolved | J14: {=INDEX(Freelancer!$A$1:$H$4,RANDBETWEEN(2,4),MATCH('3K - lines'!J$1,Freelancer!$A$1:$H$1,0))} -> MS3 | K14: {=INDEX(Freelancer!$A$1:$H$4,RANDBETWEEN(2,4),MATCH('3K - lines'!K$1,Freelancer!$A$1:$H$1,0))} -> John Wayne | L14: {=INDEX(Freelancer!$A$1:$H$4,RANDBETWEEN(2,4),MATCH('3K - lines'!L$1,Freelancer!$A$1:$H$1,0))} -> Senior | M14: {=INDEX(Freelancer!$A$1:$H$4,RANDBETWEEN(2,4),MATCH('3K - lines'!M$1,Freelancer!$A$1:$H$1,0))} -> ms10@isep.ipp.pt | N14: {=INDEX(Freelancer!$A$1:$H$4,RANDBETWEEN(2,4),MATCH('3K - lines'!N$1,Freelancer!$A$1:$H$1,0))} -> 921654987 | O14: {=INDEX(Freelancer!$A$1:$H$4,RANDBETWEEN(2,4),MATCH('3K - lines'!O$1,Freelancer!$A$1:$H$1,0))} -> US120010001234567891 | P14: {=INDEX(Freelancer!$A$1:$H$4,RANDBETWEEN(2,4),MATCH('3K - lines'!P$1,Freelancer!$A$1:$H$1,0))} -> Street 92, 90, New York | Q14: {=INDEX(Freelancer!$A$1:$H$4,RANDBETWEEN(2,4),MATCH('3K - lines'!Q$1,Freelancer!$A$1:$H$1,0))} -> Portugal
... A16: 114 | B16: =B15+1 -> 15 | C16: Web Development | D16: =RANDBETWEEN(20,100) -> 58 | E16: =RANDBETWEEN(10,60) -> 39 | F16: {=INDEX(Task!$B$1:$E$5,RANDBETWEEN(2,5),MATCH('3K - lines'!F$1,Task!$B$1:$E$1,0))} -> Software Development | G16: =RANDBETWEEN(DATE(2020,1,1),DATE(2020,5,28)) -> 43922 | H16: =RANDBETWEEN(-10,10) -> 10 | I16: =VLOOKUP(RANDBETWEEN(2,4),Transaction!$A$1:$B$4,2,0) -> Non-expert, problem unsolved | J16: {=INDEX(Freelancer!$A$1:$H$4,RANDBETWEEN(2,4),MATCH('3K - lines'!J$1,Freelancer!$A$1:$H$1,0))} -> MA1 | K16: {=INDEX(Freelancer!$A$1:$H$4,RANDBETWEEN(2,4),MATCH('3K - lines'!K$1,Freelancer!$A$1:$H$1,0))} -> Marion Antoine | L16: {=INDEX(Freelancer!$A$1:$H$4,RANDBETWEEN(2,4),MATCH('3K - lines'!L$1,Freelancer!$A$1:$H$1,0))} -> Senior | M16: {=INDEX(Freelancer!$A$1:$H$4,RANDBETWEEN(2,4),MATCH('3K - lines'!M$1,Freelancer!$A$1:$H$1,0))} -> jw@gmail.com | N16: {=INDEX(Freelancer!$A$1:$H$4,RANDBETWEEN(2,4),MATCH('3K - lines'!N$1,Freelancer!$A$1:$H$1,0))} -> 213456789 | O16: {=INDEX(Freelancer!$A$1:$H$4,RANDBETWEEN(2,4),MATCH('3K - lines'!O$1,Freelancer!$A$1:$H$1,0))} -> US120010001234567891 | P16: {=INDEX(Freelancer!$A$1:$H$4,RANDBETWEEN(2,4),MATCH('3K - lines'!P$1,Freelancer!$A$1:$H$1,0))} -> Rua SÃƒÂ£o TomÃƒÂ©, 54, Porto | Q16: {=INDEX(Freelancer!$A$1:$H$4,RANDBETWEEN(2,4),MATCH('3K - lines'!Q$1,Freelancer!$A$1:$H$1,0))} -> Portugal
A17: =A16+1 -> 115 | B17: =B16+1 -> 16 | C17: Mobile Application Development | D17: =RANDBETWEEN(20,100) -> 48 | E17: =RANDBETWEEN(10,60) -> 20 | F17: {=INDEX(Task!$B$1:$E$5,RANDBETWEEN(2,5),MATCH('3K - lines'!F$1,Task!$B$1:$E$1,0))} -> Software Development | G17: =RANDBETWEEN(DATE(2020,1,1),DATE(2020,5,28)) -> 43853 | H17: =RANDBETWEEN(-10,10) -> 1 | I17: =VLOOKUP(RANDBETWEEN(2,4),Transaction!$A$1:$B$4,2,0) -> Non-expert, problem unsolved | J17: {=INDEX(Freelancer!$A$1:$H$4,RANDBETWEEN(2,4),MATCH('3K - lines'!J$1,Freelancer!$A$1:$H$1,0))} -> JW1 | K17: {=INDEX(Freelancer!$A$1:$H$4,RANDBETWEEN(2,4),MATCH('3K - lines'!K$1,Freelancer!$A$1:$H$1,0))} -> Marion Antoine | L17: {=INDEX(Freelancer!$A$1:$H$4,RANDBETWEEN(2,4),MATCH('3K - lines'!L$1,Freelancer!$A$1:$H$1,0))} -> Senior | M17: {=INDEX(Freelancer!$A$1:$H$4,RANDBETWEEN(2,4),MATCH('3K - lines'!M$1,Freelancer!$A$1:$H$1,0))} -> jw@gmail.com | N17: {=INDEX(Freelancer!$A$1:$H$4,RANDBETWEEN(2,4),MATCH('3K - lines'!N$1,Freelancer!$A$1:$H$1,0))} -> 921654987 | O17: {=INDEX(Freelancer!$A$1:$H$4,RANDBETWEEN(2,4),MATCH('3K - lines'!O$1,Freelancer!$A$1:$H$1,0))} -> LU120010001234567891 | P17: {=INDEX(Freelancer!$A$1:$H$4,RANDBETWEEN(2,4),MATCH('3K - lines'!P$1,Freelancer!$A$1:$H$1,0))} -> Boulevard Royal, 100 | Q17: {=INDEX(Freelancer!$A$1:$H$4,RANDBETWEEN(2,4),MATCH('3K - lines'!Q$1,Freelancer!$A$1:$H$1,0))} -> USA
A18: =A17+1 -> 116 | B18: =B17+1 -> 17 | C18: Web Development | D18: =RANDBETWEEN(20,100) -> 33 | E18: =RANDBETWEEN(10,60) -> 24 | F18: {=INDEX(Task!$B$1:$E$5,RANDBETWEEN(2,5),MATCH('3K - lines'!F$1,Task!$B$1:$E$1,0))} -> Software Development | G18: =RANDBETWEEN(DATE(2020,1,1),DATE(2020,5,28)) -> 43905 | H18: =RANDBETWEEN(-10,10) -> 5 | I18: =VLOOKUP(RANDBETWEEN(2,4),Transaction!$A$1:$B$4,2,0) -> Medium Quality Work, not an expert in Web development | J18: {=INDEX(Freelancer!$A$1:$H$4,RANDBETWEEN(2,4),MATCH('3K - lines'!J$1,Freelancer!$A$1:$H$1,0))} -> MA1 | K18: {=INDEX(Freelancer!$A$1:$H$4,RANDBETWEEN(2,4),MATCH('3K - lines'!K$1,Freelancer!$A$1:$H$1,0))} -> John Wayne | L18: {=INDEX(Freelancer!$A$1:$H$4,RANDBETWEEN(2,4),MATCH('3K - lines'!L$1,Freelancer!$A$1:$H$1,0))} -> Senior | M18: {=INDEX(Freelancer!$A$1:$H$4,RANDBETWEEN(2,4),MATCH('3K - lines'!M$1,Freelancer!$A$1:$H$1,0))} -> jw@gmail.com | N18: {=INDEX(Freelancer!$A$1:$H$4,RANDBETWEEN(2,4),MATCH('3K - lines'!N$1,Freelancer!$A$1:$H$1,0))} -> 213456789 | O18: {=INDEX(Freelancer!$A$1:$H$4,RANDBETWEEN(2,4),MATCH('3K - lines'!O$1,Freelancer!$A$1:$H$1,0))} -> US120010001234567891 | P18: {=INDEX(Freelancer!$A$1:$H$4,RANDBETWEEN(2,4),MATCH('3K - lines'!P$1,Freelancer!$A$1:$H$1,0))} -> Rua SÃƒÂ£o TomÃƒÂ©, 54, Porto | Q18: {=INDEX(Freelancer!$A$1:$H$4,RANDBETWEEN(2,4),MATCH('3K - lines'!Q$1,Freelancer!$A$1:$H$1,0))} -> USA
A19: =A18+1 -> 117 | B19: =B18+1 -> 18 | C19: Network Administration | D19: =RANDBETWEEN(20,100) -> 58 | E19: =RANDBETWEEN(10,60) -> 13 | F19: {=INDEX(Task!$B$1:$E$5,RANDBETWEEN(2,5),MATCH('3K - lines'!F$1,Task!$B$1:$E$1,0))} -> Software Development | G19: =RANDBETWEEN(DATE(2020,1,1),DATE(2020,5,28)) -> 43859 | H19: =RANDBETWEEN(-10,10) -> -9 | I19: =VLOOKUP(RANDBETWEEN(2,4),Transaction!$A$1:$B$4,2,0) -> Medium Quality Work, not an expert in Web development | J19: {=INDEX(Freelancer!$A$1:$H$4,RANDBETWEEN(2,4),MATCH('3K - lines'!J$1,Freelancer!$A$1:$H$1,0))} -> JW1 | K19: {=INDEX(Freelancer!$A$1:$H$4,RANDBETWEEN(2,4),MATCH('3K - lines'!K$1,Freelancer!$A$1:$H$1,0))} -> Maria Sousa | L19: {=INDEX(Freelancer!$A$1:$H$4,RANDBETWEEN(2,4),MATCH('3K - lines'!L$1,Freelancer!$A$1:$H$1,0))} -> Junior | M19: {=INDEX(Freelancer!$A$1:$H$4,RANDBETWEEN(2,4),MATCH('3K - lines'!M$1,Freelancer!$A$1:$H$1,0))} -> jw@gmail.com | N19: {=INDEX(Freelancer!$A$1:$H$4,RANDBETWEEN(2,4),MATCH('3K - lines'!N$1,Freelancer!$A$1:$H$1,0))} -> 921654987 | O19: {=INDEX(Freelancer!$A$1:$H$4,RANDBETWEEN(2,4),MATCH('3K - lines'!O$1,Freelancer!$A$1:$H$1,0))} -> US120010001234567891 | P19: {=INDEX(Freelancer!$A$1:$H$4,RANDBETWEEN(2,4),MATCH('3K - lines'!P$1,Freelancer!$A$1:$H$1,0))} -> Rua SÃƒÂ£o TomÃƒÂ©, 54, Porto | Q19: {=INDEX(Freelancer!$A$1:$H$4,RANDBETWEEN(2,4),MATCH('3K - lines'!Q$1,Freelancer!$A$1:$H$1,0))} -> USA
A20: =A19+1 -> 118 | B20: =B19+1 -> 19 | C20: Web Development | D20: =RANDBETWEEN(20,100) -> 29 | E20: =RANDBETWEEN(10,60) -> 44 | F20: {=INDEX(Task!$B$1:$E$5,RANDBETWEEN(2,5),MATCH('3K - lines'!F$1,Task!$B$1:$E$1,0))} -> Network Administration | G20: =RANDBETWEEN(DATE(2020,1,1),DATE(2020,5,28)) -> 43863 | H20: =RANDBETWEEN(-10,10) -> 8 | I20: =VLOOKUP(RANDBETWEEN(2,4),Transaction!$A$1:$B$4,2,0) -> Non-expert, problem unsolved | J20: {=INDEX(Freelancer!$A$1:$H$4,RANDBETWEEN(2,4),MATCH('3K - lines'!J$1,Freelancer!$A$1:$H$1,0))} -> JW1 | K20: {=INDEX(Freelancer!$A$1:$H$4,RANDBETWEEN(2,4),MATCH('3K - lines'!K$1,Freelancer!$A$1:$H$1,0))} -> Marion Antoine | L20: {=INDEX(Freelancer!$A$1:$H$4,RANDBETWEEN(2,4),MATCH('3K - lines'!L$1,Freelancer!$A$1:$H$1,0))} -> Senior | M20: {=INDEX(Freelancer!$A$1:$H$4,RANDBETWEEN(2,4),MATCH('3K - lines'!M$1,Freelancer!$A$1:$H$1,0))} -> Marion190@hotmail.com | N20: {=INDEX(Freelancer!$A$1:$H$4,RANDBETWEEN(2,4),MATCH('3K - lines'!N$1,Freelancer!$A$1:$H$1,0))} -> 223654587 | O20: {=INDEX(Freelancer!$A$1:$H$4,RANDBETWEEN(2,4),MATCH('3K - lines'!O$1,Freelancer!$A$1:$H$1,0))} -> LU120010001234567891 | P20: {=INDEX(Freelancer!$A$1:$H$4,RANDBETWEEN(2,4),MATCH('3K - lines'!P$1,Freelancer!$A$1:$H$1,0))} -> Street 92, 90, New York | Q20: {=INDEX(Freelancer!$A$1:$H$4,RANDBETWEEN(2,4),MATCH('3K - lines'!Q$1,Freelancer!$A$1:$H$1,0))} -> USA
A21: =A20+1 -> 119 | B21: =B20+1 -> 20 | C21: Mobile Application Development | D21: =RANDBETWEEN(20,100) -> 80 | E21: =RANDBETWEEN(10,60) -> 25 | F21: {=INDEX(Task!$B$1:$E$5,RANDBETWEEN(2,5),MATCH('3K - lines'!F$1,Task!$B$1:$E$1,0))} -> Software Development | G21: =RANDBETWEEN(DATE(2020,1,1),DATE(2020,5,28)) -> 43912 | H21: =RANDBETWEEN(-10,10) -> 9 | I21: =VLOOKUP(RANDBETWEEN(2,4),Transaction!$A$1:$B$4,2,0) -> High Quality Work | J21: {=INDEX(Freelancer!$A$1:$H$4,RANDBETWEEN(2,4),MATCH('3K - lines'!J$1,Freelancer!$A$1:$H$1,0))} -> MS3 | K21: {=INDEX(Freelancer!$A$1:$H$4,RANDBETWEEN(2,4),MATCH('3K - lines'!K$1,Freelancer!$A$1:$H$1,0))} -> John Wayne | L21: {=INDEX(Freelancer!$A$1:$H$4,RANDBETWEEN(2,4),MATCH('3K - lines'!L$1,Freelancer!$A$1:$H$1,0))} -> Junior | M21: {=INDEX(Freelancer!$A$1:$H$4,RANDBETWEEN(2,4),MATCH('3K - lines'!M$1,Freelancer!$A$1:$H$1,0))} -> ms10@isep.ipp.pt | N21: {=INDEX(Freelancer!$A$1:$H$4,RANDBETWEEN(2,4),MATCH('3K - lines'!N$1,Freelancer!$A$1:$H$1,0))} -> 223654587 | O21: {=INDEX(Freelancer!$A$1:$H$4,RANDBETWEEN(2,4),MATCH('3K - lines'!O$1,Freelancer!$A$1:$H$1,0))} -> US120010001234567891 | P21: {=INDEX(Freelancer!$A$1:$H$4,RANDBETWEEN(2,4),MATCH('3K - lines'!P$1,Freelancer!$A$1:$H$1,0))} -> Street 92, 90, New York | Q21: {=INDEX(Freelancer!$A$1:$H$4,RANDBETWEEN(2,4),MATCH('3K - lines'!Q$1,Freelancer!$A$1:$H$1,0))} -> USA
A22: =A21+1 -> 120 | B22: =B21+1 -> 21 | C22: Web Development | D22: =RANDBETWEEN(20,100) -> 95 | E22: =RANDBETWEEN(10,60) -> 55 | F22: {=INDEX(Task!$B$1:$E$5,RANDBETWEEN(2,5),MATCH('3K - lines'!F$1,Task!$B$1:$E$1,0))} -> Software Development | G22: =RANDBETWEEN(DATE(2020,1,1),DATE(2020,5,28)) -> 43860 | H22: =RANDBETWEEN(-10,10) -> 9 | I22: =VLOOKUP(RANDBETWEEN(2,4),Transaction!$A$1:$B$4,2,0) -> High Quality Work | J22: {=INDEX(Freelancer!$A$1:$H$4,RANDBETWEEN(2,4),MATCH('3K - lines'!J$1,Freelancer!$A$1:$H$1,0))} -> MA1 | K22: {=INDEX(Freelancer!$A$1:$H$4,RANDBETWEEN(2,4),MATCH('3K - lines'!K$1,Freelancer!$A$1:$H$1,0))} -> John Wayne | L22: {=INDEX(Freelancer!$A$1:$H$4,RANDBETWEEN(2,4),MATCH('3K - lines'!L$1,Freelancer!$A$1:$H$1,0))} -> Junior | M22: {=INDEX(Freelancer!$A$1:$H$4,RANDBETWEEN(2,4),MATCH('3K - lines'!M$1,Freelancer!$A$1:$H$1,0))} -> jw@gmail.com | N22: {=INDEX(Freelancer!$A$1:$H$4,RANDBETWEEN(2,4),MATCH('3K - lines'!N$1,Freelancer!$A$1:$H$1,0))} -> 213456789 | O22: {=INDEX(Freelancer!$A$1:$H$4,RANDBETWEEN(2,4),MATCH('3K - lines'!O$1,Freelancer!$A$1:$H$1,0))} -> US120010001234567891 | P22: {=INDEX(Freelancer!$A$1:$H$4,RANDBETWEEN(2,4),MATCH('3K - lines'!P$1,Freelancer!$A$1:$H$1,0))} -> Rua SÃƒÂ£o TomÃƒÂ©, 54, Porto | Q22: {=INDEX(Freelancer!$A$1:$H$4,RANDBETWEEN(2,4),MATCH('3K - lines'!Q$1,Freelancer!$A$1:$H$1,0))} -> USA
A23: =A22+1 -> 121 | B23: =B22+1 -> 22 | C23: Network Administration | D23: =RANDBETWEEN(20,100) -> 29 | E23: =RANDBETWEEN(10,60) -> 14 | F23: {=INDEX(Task!$B$1:$E$5,RANDBETWEEN(2,5),MATCH('3K - lines'!F$1,Task!$B$1:$E$1,0))} -> Software Development | G23: =RANDBETWEEN(DATE(2020,1,1),DATE(2020,5,28)) -> 43913 | H23: =RANDBETWEEN(-10,10) -> 2 | I23: =VLOOKUP(RANDBETWEEN(2,4),Transaction!$A$1:$B$4,2,0) -> Medium Quality Work, not an expert in Web development | J23: {=INDEX(Freelancer!$A$1:$H$4,RANDBETWEEN(2,4),MATCH('3K - lines'!J$1,Freelancer!$A$1:$H$1,0))} -> JW1 | K23: {=INDEX(Freelancer!$A$1:$H$4,RANDBETWEEN(2,4),MATCH('3K - lines'!K$1,Freelancer!$A$1:$H$1,0))} -> Maria Sousa | L23: {=INDEX(Freelancer!$A$1:$H$4,RANDBETWEEN(2,4),MATCH('3K - lines'!L$1,Freelancer!$A$1:$H$1,0))} -> Senior | M23: {=INDEX(Freelancer!$A$1:$H$4,RANDBETWEEN(2,4),MATCH('3K - lines'!M$1,Freelancer!$A$1:$H$1,0))} -> ms10@isep.ipp.pt | N23: {=INDEX(Freelancer!$A$1:$H$4,RANDBETWEEN(2,4),MATCH('3K - lines'!N$1,Freelancer!$A$1:$H$1,0))} -> 213456789 | O23: {=INDEX(Freelancer!$A$1:$H$4,RANDBETWEEN(2,4),MATCH('3K - lines'!O$1,Freelancer!$A$1:$H$1,0))} -> PT120010001234567891 | P23: {=INDEX(Freelancer!$A$1:$H$4,RANDBETWEEN(2,4),MATCH('3K - lines'!P$1,Freelancer!$A$1:$H$1,0))} -> Street 92, 90, New York | Q23: {=INDEX(Freelancer!$A$1:$H$4,RANDBETWEEN(2,4),MATCH('3K - lines'!Q$1,Freelancer!$A$1:$H$1,0))} -> Portugal
A24: =A23+1 -> 122 | B24: =B23+1 -> 23 | C24: Web Development | D24: =RANDBETWEEN(20,100) -> 70 | E24: =RANDBETWEEN(10,60) -> 55 | F24: {=INDEX(Task!$B$1:$E$5,RANDBETWEEN(2,5),MATCH('3K - lines'!F$1,Task!$B$1:$E$1,0))} -> Software Development | G24: =RANDBETWEEN(DATE(2020,1,1),DATE(2020,5,28)) -> 43876 | H24: =RANDBETWEEN(-10,10) -> -3 | I24: =VLOOKUP(RANDBETWEEN(2,4),Transaction!$A$1:$B$4,2,0) -> Medium Quality Work, not an expert in Web development | J24: {=INDEX(Freelancer!$A$1:$H$4,RANDBETWEEN(2,4),MATCH('3K - lines'!J$1,Freelancer!$A$1:$H$1,0))} -> JW1 | K24: {=INDEX(Freelancer!$A$1:$H$4,RANDBETWEEN(2,4),MATCH('3K - lines'!K$1,Freelancer!$A$1:$H$1,0))} -> John Wayne | L24: {=INDEX(Freelancer!$A$1:$H$4,RANDBETWEEN(2,4),MATCH('3K - lines'!L$1,Freelancer!$A$1:$H$1,0))} -> Senior | M24: {=INDEX(Freelancer!$A$1:$H$4,RANDBETWEEN(2,4),MATCH('3K - lines'!M$1,Freelancer!$A$1:$H$1,0))} -> jw@gmail.com | N24: {=INDEX(Freelancer!$A$1:$H$4,RANDBETWEEN(2,4),MATCH('3K - lines'!N$1,Freelancer!$A$1:$H$1,0))} -> 223654587 | O24: {=INDEX(Freelancer!$A$1:$H$4,RANDBETWEEN(2,4),MATCH('3K - lines'!O$1,Freelancer!$A$1:$H$1,0))} -> US120010001234567891 | P24: {=INDEX(Freelancer!$A$1:$H$4,RANDBETWEEN(2,4),MATCH('3K - lines'!P$1,Freelancer!$A$1:$H$1,0))} -> Boulevard Royal, 100 | Q24: {=INDEX(Freelancer!$A$1:$H$4,RANDBETWEEN(2,4),MATCH('3K - lines'!Q$1,Freelancer!$A$1:$H$1,0))} -> USA
A25: =A24+1 -> 123 | B25: =B24+1 -> 24 | C25: Mobile Application Development | D25: =RANDBETWEEN(20,100) -> 99 | E25: =RANDBETWEEN(10,60) -> 57 | F25: {=INDEX(Task!$B$1:$E$5,RANDBETWEEN(2,5),MATCH('3K - lines'!F$1,Task!$B$1:$E$1,0))} -> Software Development | G25: =RANDBETWEEN(DATE(2020,1,1),DATE(2020,5,28)) -> 43841 | H25: =RANDBETWEEN(-10,10) -> -1 | I25: =VLOOKUP(RANDBETWEEN(2,4),Transaction!$A$1:$B$4,2,0) -> Medium Quality Work, not an expert in Web development | J25: {=INDEX(Freelancer!$A$1:$H$4,RANDBETWEEN(2,4),MATCH('3K - lines'!J$1,Freelancer!$A$1:$H$1,0))} -> MA1 | K25: {=INDEX(Freelancer!$A$1:$H$4,RANDBETWEEN(2,4),MATCH('3K - lines'!K$1,Freelancer!$A$1:$H$1,0))} -> Maria Sousa | L25: {=INDEX(Freelancer!$A$1:$H$4,RANDBETWEEN(2,4),MATCH('3K - lines'!L$1,Freelancer!$A$1:$H$1,0))} -> Junior | M25: {=INDEX(Freelancer!$A$1:$H$4,RANDBETWEEN(2,4),MATCH('3K - lines'!M$1,Freelancer!$A$1:$H$1,0))} -> ms10@isep.ipp.pt | N25: {=INDEX(Freelancer!$A$1:$H$4,RANDBETWEEN(2,4),MATCH('3K - lines'!N$1,Freelancer!$A$1:$H$1,0))} -> 223654587 | O25: {=INDEX(Freelancer!$A$1:$H$4,RANDBETWEEN(2,4),MATCH('3K - lines'!O$1,Freelancer!$A$1:$H$1,0))} -> US120010001234567891 | P25: {=INDEX(Freelancer!$A$1:$H$4,RANDBETWEEN(2,4),MATCH('3K - lines'!P$1,Freelancer!$A$1:$H$1,0))} -> Rua SÃƒÂ£o TomÃƒÂ©, 54, Porto | Q25: {=INDEX(Freelancer!$A$1:$H$4,RANDBETWEEN(2,4),MATCH('3K - lines'!Q$1,Freelancer!$A$1:$H$1,0))} -> Luxembourg
A26: =A25+1 -> 124 | B26: =B25+1 -> 25 | C26: Web Development | D26: =RANDBETWEEN(20,100) -> 40 | E26: =RANDBETWEEN(10,60) -> 40 | F26: {=INDEX(Task!$B$1:$E$5,RANDBETWEEN(2,5),MATCH('3K - lines'!F$1,Task!$B$1:$E$1,0))} -> Software Development | G26: =RANDBETWEEN(DATE(2020,1,1),DATE(2020,5,28)) -> 43968 | H26: =RANDBETWEEN(-10,10) -> -2 | I26: =VLOOKUP(RANDBETWEEN(2,4),Transaction!$A$1:$B$4,2,0) -> Medium Quality Work, not an expert in Web development | J26: {=INDEX(Freelancer!$A$1:$H$4,RANDBETWEEN(2,4),MATCH('3K - lines'!J$1,Freelancer!$A$1:$H$1,0))} -> MA1 | K26: {=INDEX(Freelancer!$A$1:$H$4,RANDBETWEEN(2,4),MATCH('3K - lines'!K$1,Freelancer!$A$1:$H$1,0))} -> Maria Sousa | L26: {=INDEX(Freelancer!$A$1:$H$4,RANDBETWEEN(2,4),MATCH('3K - lines'!L$1,Freelancer!$A$1:$H$1,0))} -> Senior | M26: {=INDEX(Freelancer!$A$1:$H$4,RANDBETWEEN(2,4),MATCH('3K - lines'!M$1,Freelancer!$A$1:$H$1,0))} -> jw@gmail.com | N26: {=INDEX(Freelancer!$A$1:$H$4,RANDBETWEEN(2,4),MATCH('3K - lines'!N$1,Freelancer!$A$1:$H$1,0))} -> 223654587 | O26: {=INDEX(Freelancer!$A$1:$H$4,RANDBETWEEN(2,4),MATCH('3K - lines'!O$1,Freelancer!$A$1:$H$1,0))} -> LU120010001234567891 | P26: {=INDEX(Freelancer!$A$1:$H$4,RANDBETWEEN(2,4),MATCH('3K - lines'!P$1,Freelancer!$A$1:$H$1,0))} -> Boulevard Royal, 100 | Q26: {=INDEX(Freelancer!$A$1:$H$4,RANDBETWEEN(2,4),MATCH('3K - lines'!Q$1,Freelancer!$A$1:$H$1,0))} -> Portugal
A27: =A26+1 -> 125 | B27: =B26+1 -> 26 | C27: Network Administration | D27: =RANDBETWEEN(20,100) -> 92 | E27: =RANDBETWEEN(10,60) -> 51 | F27: {=INDEX(Task!$B$1:$E$5,RANDBETWEEN(2,5),MATCH('3K - lines'!F$1,Task!$B$1:$E$1,0))} -> Software Development | G27: =RANDBETWEEN(DATE(2020,1,1),DATE(2020,5,28)) -> 43949 | H27: =RANDBETWEEN(-10,10) -> 5 | I27: =VLOOKUP(RANDBETWEEN(2,4),Transaction!$A$1:$B$4,2,0) -> Medium Quality Work, not an expert in Web development | J27: {=INDEX(Freelancer!$A$1:$H$4,RANDBETWEEN(2,4),MATCH('3K - lines'!J$1,Freelancer!$A$1:$H$1,0))} -> MA1 | K27: {=INDEX(Freelancer!$A$1:$H$4,RANDBETWEEN(2,4),MATCH('3K - lines'!K$1,Freelancer!$A$1:$H$1,0))} -> John Wayne | L27: {=INDEX(Freelancer!$A$1:$H$4,RANDBETWEEN(2,4),MATCH('3K - lines'!L$1,Freelancer!$A$1:$H$1,0))} -> Junior | M27: {=INDEX(Freelancer!$A$1:$H$4,RANDBETWEEN(2,4),MATCH('3K - lines'!M$1,Freelancer!$A$1:$H$1,0))} -> Marion190@hotmail.com | N27: {=INDEX(Freelancer!$A$1:$H$4,RANDBETWEEN(2,4),MATCH('3K - lines'!N$1,Freelancer!$A$1:$H$1,0))} -> 223654587 | O27: {=INDEX(Freelancer!$A$1:$H$4,RANDBETWEEN(2,4),MATCH('3K - lines'!O$1,Freelancer!$A$1:$H$1,0))} -> US120010001234567891 | P27: {=INDEX(Freelancer!$A$1:$H$4,RANDBETWEEN(2,4),MATCH('3K - lines'!P$1,Freelancer!$A$1:$H$1,0))} -> Rua SÃƒÂ£o TomÃƒÂ©, 54, Porto | Q27: {=INDEX(Freelancer!$A$1:$H$4,RANDBETWEEN(2,4),MATCH('3K - lines'!Q$1,Freelancer!$A$1:$H$1,0))} -> Luxembourg
A28: =A27+1 -> 126 | B28: =B27+1 -> 27 | C28: Web Development | D28: =RANDBETWEEN(20,100) -> 39 | E28: =RANDBETWEEN(10,60) -> 15 | F28: {=INDEX(Task!$B$1:$E$5,RANDBETWEEN(2,5),MATCH('3K - lines'!F$1,Task!$B$1:$E$1,0))} -> Software Development | G28: =RANDBETWEEN(DATE(2020,1,1),DATE(2020,5,28)) -> 43870 | H28: =RANDBETWEEN(-10,10) -> 0 | I28: =VLOOKUP(RANDBETWEEN(2,4),Transaction!$A$1:$B$4,2,0) -> Medium Quality Work, not an expert in Web development | J28: {=INDEX(Freelancer!$A$1:$H$4,RANDBETWEEN(2,4),MATCH('3K - lines'!J$1,Freelancer!$A$1:$H$1,0))} -> MS3 | K28: {=INDEX(Freelancer!$A$1:$H$4,RANDBETWEEN(2,4),MATCH('3K - lines'!K$1,Freelancer!$A$1:$H$1,0))} -> John Wayne | L28: {=INDEX(Freelancer!$A$1:$H$4,RANDBETWEEN(2,4),MATCH('3K - lines'!L$1,Freelancer!$A$1:$H$1,0))} -> Junior | M28: {=INDEX(Freelancer!$A$1:$H$4,RANDBETWEEN(2,4),MATCH('3K - lines'!M$1,Freelancer!$A$1:$H$1,0))} -> ms10@isep.ipp.pt | N28: {=INDEX(Freelancer!$A$1:$H$4,RANDBETWEEN(2,4),MATCH('3K - lines'!N$1,Freelancer!$A$1:$H$1,0))} -> 213456789 | O28: {=INDEX(Freelancer!$A$1:$H$4,RANDBETWEEN(2,4),MATCH('3K - lines'!O$1,Freelancer!$A$1:$H$1,0))} -> US120010001234567891 | P28: {=INDEX(Freelancer!$A$1:$H$4,RANDBETWEEN(2,4),MATCH('3K - lines'!P$1,Freelancer!$A$1:$H$1,0))} -> Rua SÃƒÂ£o TomÃƒÂ©, 54, Porto | Q28: {=INDEX(Freelancer!$A$1:$H$4,RANDBETWEEN(2,4),MATCH('3K - lines'!Q$1,Freelancer!$A$1:$H$1,0))} -> Luxembourg
... A3000: =A2999+1 -> 3098 | B3000: =B2999+1 -> 2999 | C3000: Mobile Application Development | D3000: =RANDBETWEEN(20,100) -> 48 | E3000: =RANDBETWEEN(10,60) -> 47 | F3000: {=INDEX(Task!$B$1:$E$5,RANDBETWEEN(2,5),MATCH('3K - lines'!F$1,Task!$B$1:$E$1,0))} -> Software Development | G3000: =RANDBETWEEN(DATE(2020,1,1),DATE(2020,5,28)) -> 43870 | H3000: =RANDBETWEEN(-10,10) -> -8 | I3000: =VLOOKUP(RANDBETWEEN(2,4),Transaction!$A$1:$B$4,2,0) -> High Quality Work | J3000: {=INDEX(Freelancer!$A$1:$H$4,RANDBETWEEN(2,4),MATCH('3K - lines'!J$1,Freelancer!$A$1:$H$1,0))} -> MS3 | K3000: {=INDEX(Freelancer!$A$1:$H$4,RANDBETWEEN(2,4),MATCH('3K - lines'!K$1,Freelancer!$A$1:$H$1,0))} -> Marion Antoine | L3000: {=INDEX(Freelancer!$A$1:$H$4,RANDBETWEEN(2,4),MATCH('3K - lines'!L$1,Freelancer!$A$1:$H$1,0))} -> Senior | M3000: {=INDEX(Freelancer!$A$1:$H$4,RANDBETWEEN(2,4),MATCH('3K - lines'!M$1,Freelancer!$A$1:$H$1,0))} -> Marion190@hotmail.com | N3000: {=INDEX(Freelancer!$A$1:$H$4,RANDBETWEEN(2,4),MATCH('3K - lines'!N$1,Freelancer!$A$1:$H$1,0))} -> 921654987 | O3000: {=INDEX(Freelancer!$A$1:$H$4,RANDBETWEEN(2,4),MATCH('3K - lines'!O$1,Freelancer!$A$1:$H$1,0))} -> PT120010001234567891 | P3000: {=INDEX(Freelancer!$A$1:$H$4,RANDBETWEEN(2,4),MATCH('3K - lines'!P$1,Freelancer!$A$1:$H$1,0))} -> Rua SÃƒÂ£o TomÃƒÂ©, 54, Porto | Q3000: {=INDEX(Freelancer!$A$1:$H$4,RANDBETWEEN(2,4),MATCH('3K - lines'!Q$1,Freelancer!$A$1:$H$1,0))} -> Luxembourg

Sheet Transaction
A1: 1 | B1: ExecutionBriefDescription
A2: 2 | B2: High Quality Work
A3: 3 | B3: Non-expert, problem unsolved
A4: 4 | B4: Medium Quality Work, not an expert in Web development
