Workbook

Sheet Planilha1
A3: Média de Valor | B3: DesvPad de Valor2 | C3: Var. de Valor3
A4: 5048.8333 | B4: 2669.0998 | C4: 7124093.8

Sheet Simulação
A1: ID | B1: TaskID | C1: TaskDescription | D1: TaskAssignDuration | E1: TaskCostPerHour | F1: TaskCategory | G1: ExecutionFinishDate | H1: ExecutionDelay (hours) | I1: ExecutionBriefDescription | J1: FreelancerID | K1: FreelancerName | L1: FreelancerExpertise | M1: FreelancerEMail | N1: FreelancerNIF | O1: FreelancerBanckAccout | P1: FreelancerAddress | Q1: FreeLancerCountry | R1: Valor
A2: 101 | B2: 1 | C2: {=INDEX(Task!$B$1:$E$5,RANDBETWEEN(2,5),MATCH(Simulação!C$1,Task!$B$1:$E$1,0))} -> Mobile Application Development | D2: =RANDBETWEEN(20,100) -> 91 | E2: =RANDBETWEEN(10,60) -> 23 | F2: {=INDEX(Task!$B$1:$E$5,RANDBETWEEN(2,5),MATCH(Simulação!F$1,Task!$B$1:$E$1,0))} -> Software Development | G2: =RANDBETWEEN(DATE(2020,1,1),DATE(2020,5,28)) -> 43915 | H2: =RANDBETWEEN(-10,10) -> 3 | I2: =VLOOKUP(RANDBETWEEN(2,4),Transaction!$A$1:$B$4,2,0) -> High Quality Work | J2: {=INDEX(Freelancer!$A$1:$H$3,RANDBETWEEN(2,3),MATCH(Simulação!J$1,Freelancer!$A$1:$H$1,0))} -> JW1 | K2: =VLOOKUP($J2,Freelancer!$A:$H,MATCH(Simulação!K$1,Freelancer!$A$1:$H$1,0)) -> John Wayne | L2: =VLOOKUP($J2,Freelancer!$A:$H,MATCH(Simulação!L$1,Freelancer!$A$1:$H$1,0)) -> Junior | M2: =VLOOKUP($J2,Freelancer!$A:$H,MATCH(Simulação!M$1,Freelancer!$A$1:$H$1,0)) -> jw@gmail.com | N2: =VLOOKUP($J2,Freelancer!$A:$H,MATCH(Simulação!N$1,Freelancer!$A$1:$H$1,0)) -> 921654987 | O2: =VLOOKUP($J2,Freelancer!$A:$H,MATCH(Simulação!O$1,Freelancer!$A$1:$H$1,0)) -> US120010001234567891 | P2: =VLOOKUP($J2,Freelancer!$A:$H,MATCH(Simulação!P$1,Freelancer!$A$1:$H$1,0)) -> Street 92- 90- New York | Q2: =VLOOKUP($J2,Freelancer!$A:$H,MATCH(Simulação!Q$1,Freelancer!$A$1:$H$1,0)) -> USA | R2: =D2*E2*IF(L2="Senior",2,1) -> 2093
A3: 102 | B3: =B2+1 -> 2 | C3: {=INDEX(Task!$B$1:$E$5,RANDBETWEEN(2,5),MATCH(Simulação!C$1,Task!$B$1:$E$1,0))} -> Web Development | D3: =RANDBETWEEN(20,100) -> 48 | E3: =RANDBETWEEN(10,60) -> 55 | F3: {=INDEX(Task!$B$1:$E$5,RANDBETWEEN(2,5),MATCH(Simulação!F$1,Task!$B$1:$E$1,0))} -> Software Development | G3: =RANDBETWEEN(DATE(2020,1,1),DATE(2020,5,28)) -> 43970 | H3: =RANDBETWEEN(-10,10) -> -7 | I3: =VLOOKUP(RANDBETWEEN(2,4),Transaction!$A$1:$B$4,2,0) -> Non-expert, problem unsolved | J3: {=INDEX(Freelancer!$A$1:$H$3,RANDBETWEEN(2,3),MATCH(Simulação!J$1,Freelancer!$A$1:$H$1,0))} -> MS3 | K3: =VLOOKUP($J3,Freelancer!$A:$H,MATCH(Simulação!K$1,Freelancer!$A$1:$H$1,0)) -> Maria Sousa | L3: =VLOOKUP($J3,Freelancer!$A:$H,MATCH(Simulação!L$1,Freelancer!$A$1:$H$1,0)) -> Senior | M3: =VLOOKUP($J3,Freelancer!$A:$H,MATCH(Simulação!M$1,Freelancer!$A$1:$H$1,0)) -> ms10@isep.ipp.pt | N3: =VLOOKUP($J3,Freelancer!$A:$H,MATCH(Simulação!N$1,Freelancer!$A$1:$H$1,0)) -> 213456789 | O3: =VLOOKUP($J3,Freelancer!$A:$H,MATCH(Simulação!O$1,Freelancer!$A$1:$H$1,0)) -> PT120010001234567891 | P3: =VLOOKUP($J3,Freelancer!$A:$H,MATCH(Simulação!P$1,Freelancer!$A$1:$H$1,0)) -> Rua SÃƒÂ£o TomÃƒÂ©- 54- Porto | Q3: =VLOOKUP($J3,Freelancer!$A:$H,MATCH(Simulação!Q$1,Freelancer!$A$1:$H$1,0)) -> Portugal | R3: =D3*E3*IF(L3="Senior",2,1) -> 5280
A4: 103 | B4: =B3+1 -> 3 | C4: {=INDEX(Task!$B$1:$E$5,RANDBETWEEN(2,5),MATCH(Simulação!C$1,Task!$B$1:$E$1,0))} -> Network Administration | D4: =RANDBETWEEN(20,100) -> 44 | E4: =RANDBETWEEN(10,60) -> 50 | F4: {=INDEX(Task!$B$1:$E$5,RANDBETWEEN(2,5),MATCH(Simulação!F$1,Task!$B$1:$E$1,0))} -> Software Development | G4: =RANDBETWEEN(DATE(2020,1,1),DATE(2020,5,28)) -> 43849 | H4: =RANDBETWEEN(-10,10) -> -8 | I4: =VLOOKUP(RANDBETWEEN(2,4),Transaction!$A$1:$B$4,2,0) -> Non-expert, problem unsolved | J4: {=INDEX(Freelancer!$A$1:$H$3,RANDBETWEEN(2,3),MATCH(Simulação!J$1,Freelancer!$A$1:$H$1,0))} -> MS3 | K4: =VLOOKUP($J4,Freelancer!$A:$H,MATCH(Simulação!K$1,Freelancer!$A$1:$H$1,0)) -> Maria Sousa | L4: =VLOOKUP($J4,Freelancer!$A:$H,MATCH(Simulação!L$1,Freelancer!$A$1:$H$1,0)) -> Senior | M4: =VLOOKUP($J4,Freelancer!$A:$H,MATCH(Simulação!M$1,Freelancer!$A$1:$H$1,0)) -> ms10@isep.ipp.pt | N4: =VLOOKUP($J4,Freelancer!$A:$H,MATCH(Simulação!N$1,Freelancer!$A$1:$H$1,0)) -> 213456789 | O4: =VLOOKUP($J4,Freelancer!$A:$H,MATCH(Simulação!O$1,Freelancer!$A$1:$H$1,0)) -> PT120010001234567891 | P4: =VLOOKUP($J4,Freelancer!$A:$H,MATCH(Simulação!P$1,Freelancer!$A$1:$H$1,0)) -> Rua SÃƒÂ£o TomÃƒÂ©- 54- Porto | Q4: =VLOOKUP($J4,Freelancer!$A:$H,MATCH(Simulação!Q$1,Freelancer!$A$1:$H$1,0)) -> Portugal | R4: =D4*E4*IF(L4="Senior",2,1) -> 4400
A5: 104 | B5: =B4+1 -> 4 | C5: {=INDEX(Task!$B$1:$E$5,RANDBETWEEN(2,5),MATCH(Simulação!C$1,Task!$B$1:$E$1,0))} -> Web Development | D5: =RANDBETWEEN(20,100) -> 58 | E5: =RANDBETWEEN(10,60) -> 51 | F5: {=INDEX(Task!$B$1:$E$5,RANDBETWEEN(2,5),MATCH(Simulação!F$1,Task!$B$1:$E$1,0))} -> Network Administration | G5: =RANDBETWEEN(DATE(2020,1,1),DATE(2020,5,28)) -> 43859 | H5: =RANDBETWEEN(-10,10) -> -6 | I5: =VLOOKUP(RANDBETWEEN(2,4),Transaction!$A$1:$B$4,2,0) -> Medium Quality Work, not an expert in Web development | J5: {=INDEX(Freelancer!$A$1:$H$3,RANDBETWEEN(2,3),MATCH(Simulação!J$1,Freelancer!$A$1:$H$1,0))} -> MS3 | K5: =VLOOKUP($J5,Freelancer!$A:$H,MATCH(Simulação!K$1,Freelancer!$A$1:$H$1,0)) -> Maria Sousa | L5: =VLOOKUP($J5,Freelancer!$A:$H,MATCH(Simulação!L$1,Freelancer!$A$1:$H$1,0)) -> Senior | M5: =VLOOKUP($J5,Freelancer!$A:$H,MATCH(Simulação!M$1,Freelancer!$A$1:$H$1,0)) -> ms10@isep.ipp.pt | N5: =VLOOKUP($J5,Freelancer!$A:$H,MATCH(Simulação!N$1,Freelancer!$A$1:$H$1,0)) -> 213456789 | O5: =VLOOKUP($J5,Freelancer!$A:$H,MATCH(Simulação!O$1,Freelancer!$A$1:$H$1,0)) -> PT120010001234567891 | P5: =VLOOKUP($J5,Freelancer!$A:$H,MATCH(Simulação!P$1,Freelancer!$A$1:$H$1,0)) -> Rua SÃƒÂ£o TomÃƒÂ©- 54- Porto | Q5: =VLOOKUP($J5,Freelancer!$A:$H,MATCH(Simulação!Q$1,Freelancer!$A$1:$H$1,0)) -> Portugal | R5: =D5*E5*IF(L5="Senior",2,1) -> 5916
A6: 105 | B6: =B5+1 -> 5 | C6: {=INDEX(Task!$B$1:$E$5,RANDBETWEEN(2,5),MATCH(Simulação!C$1,Task!$B$1:$E$1,0))} -> Web Development | D6: =RANDBETWEEN(20,100) -> 37 | E6: =RANDBETWEEN(10,60) -> 14 | F6: {=INDEX(Task!$B$1:$E$5,RANDBETWEEN(2,5),MATCH(Simulação!F$1,Task!$B$1:$E$1,0))} -> Software Development | G6: =RANDBETWEEN(DATE(2020,1,1),DATE(2020,5,28)) -> 43882 | H6: =RANDBETWEEN(-10,10) -> 0 | I6: =VLOOKUP(RANDBETWEEN(2,4),Transaction!$A$1:$B$4,2,0) -> Non-expert, problem unsolved | J6: {=INDEX(Freelancer!$A$1:$H$3,RANDBETWEEN(2,3),MATCH(Simulação!J$1,Freelancer!$A$1:$H$1,0))} -> JW1 | K6: =VLOOKUP($J6,Freelancer!$A:$H,MATCH(Simulação!K$1,Freelancer!$A$1:$H$1,0)) -> John Wayne | L6: =VLOOKUP($J6,Freelancer!$A:$H,MATCH(Simulação!L$1,Freelancer!$A$1:$H$1,0)) -> Junior | M6: =VLOOKUP($J6,Freelancer!$A:$H,MATCH(Simulação!M$1,Freelancer!$A$1:$H$1,0)) -> jw@gmail.com | N6: =VLOOKUP($J6,Freelancer!$A:$H,MATCH(Simulação!N$1,Freelancer!$A$1:$H$1,0)) -> 921654987 | O6: =VLOOKUP($J6,Freelancer!$A:$H,MATCH(Simulação!O$1,Freelancer!$A$1:$H$1,0)) -> US120010001234567891 | P6: =VLOOKUP($J6,Freelancer!$A:$H,MATCH(Simulação!P$1,Freelancer!$A$1:$H$1,0)) -> Street 92- 90- New York | Q6: =VLOOKUP($J6,Freelancer!$A:$H,MATCH(Simulação!Q$1,Freelancer!$A$1:$H$1,0)) -> USA | R6: =D6*E6*IF(L6="Senior",2,1) -> 518
A7: 106 | B7: =B6+1 -> 6 | C7: {=INDEX(Task!$B$1:$E$5,RANDBETWEEN(2,5),MATCH(Simulação!C$1,Task!$B$1:$E$1,0))} -> Web Development | D7: =RANDBETWEEN(20,100) -> 24 | E7: =RANDBETWEEN(10,60) -> 19 | F7: {=INDEX(Task!$B$1:$E$5,RANDBETWEEN(2,5),MATCH(Simulação!F$1,Task!$B$1:$E$1,0))} -> Software Development | G7: =RANDBETWEEN(DATE(2020,1,1),DATE(2020,5,28)) -> 43845 | H7: =RANDBETWEEN(-10,10) -> -8 | I7: =VLOOKUP(RANDBETWEEN(2,4),Transaction!$A$1:$B$4,2,0) -> Medium Quality Work, not an expert in Web development | J7: {=INDEX(Freelancer!$A$1:$H$3,RANDBETWEEN(2,3),MATCH(Simulação!J$1,Freelancer!$A$1:$H$1,0))} -> JW1 | K7: =VLOOKUP($J7,Freelancer!$A:$H,MATCH(Simulação!K$1,Freelancer!$A$1:$H$1,0)) -> John Wayne | L7: =VLOOKUP($J7,Freelancer!$A:$H,MATCH(Simulação!L$1,Freelancer!$A$1:$H$1,0)) -> Junior | M7: =VLOOKUP($J7,Freelancer!$A:$H,MATCH(Simulação!M$1,Freelancer!$A$1:$H$1,0)) -> jw@gmail.com | N7: =VLOOKUP($J7,Freelancer!$A:$H,MATCH(Simulação!N$1,Freelancer!$A$1:$H$1,0)) -> 921654987 | O7: =VLOOKUP($J7,Freelancer!$A:$H,MATCH(Simulação!O$1,Freelancer!$A$1:$H$1,0)) -> US120010001234567891 | P7: =VLOOKUP($J7,Freelancer!$A:$H,MATCH(Simulação!P$1,Freelancer!$A$1:$H$1,0)) -> Street 92- 90- New York | Q7: =VLOOKUP($J7,Freelancer!$A:$H,MATCH(Simulação!Q$1,Freelancer!$A$1:$H$1,0)) -> USA | R7: =D7*E7*IF(L7="Senior",2,1) -> 456

Sheet Task
A1: TaskID | B1: TaskDescription | C1: TaskAssignDuration | D1: TaskCostPerHour | E1: TaskCategory
A2: 1 | B2: Web Development | C2: 48 | D2: 20 | E2: Software Development
A3: =A2+1 -> 2 | B3: Network Administration | C3: 20 | D3: 40 | E3: Network Administration
A4: =A3+1 -> 3 | B4: Web Development | C4: 30 | D4: 30 | E4: Software Development
A5: =A4+1 -> 4 | B5: Mobile Application Development | C5: 60 | D5: 50 | E5: Software Development

Sheet Freelancer
A1: FreelancerID | B1: FreelancerName | C1: FreelancerExpertise | D1: FreelancerEMail | E1: FreelancerNIF | F1: FreelancerBanckAccout | G1: FreelancerAddress | H1: FreeLancerCountry
A2: JW1 | B2: John Wayne | C2: Junior | D2: jw@gmail.com | E2: 921654987 | F2: US120010001234567891 | G2: Street 92- 90- New York | H2: USA
A3: MS3 | B3: Maria Sousa | C3: Senior | D3: ms10@isep.ipp.pt | E3: 213456789 | F3: PT120010001234567891 | G3: Rua SÃƒÂ£o TomÃƒÂ©- 54- Porto | H3: Portugal

Sheet Transaction
A1: 1 | B1: ExecutionBriefDescription
A2: 2 | B2: High Quality Work
A3: 3 | B3: Non-expert, problem unsolved
A4: 4 | B4: Medium Quality Work, not an expert in Web development
